match,teamInnings,battingPos,batsmanName,runs,balls,4s,6s,SR,out/not_out,mach_id
Namibia Vs Sri Lanka,Namibia,1,Michel vn Lingen,3,6,0,0,50.00,out,T20I # 1823
Namibia Vs Sri Lanka,Namibia,2,Divn l Cock,9,9,1,0,100.00,out,T20I # 1823
Namibia Vs Sri Lanka,Namibia,3,Jn Nicol Loftie-Eton,20,12,1,2,166.66,out,T20I # 1823
Namibia Vs Sri Lanka,Namibia,4,Stephn Brd,26,24,2,0,108.33,out,T20I # 1823
Namibia Vs Sri Lanka,Namibia,5,Gerhrd Ersmus(c),20,24,0,0,83.33,out,T20I # 1823
Namibia Vs Sri Lanka,Namibia,6,Jn Frylinck,44,28,4,0,157.14,out,T20I # 1823
Namibia Vs Sri Lanka,Namibia,7,Dvid Wiese,0,1,0,0,0.00,out,T20I # 1823
Namibia Vs Sri Lanka,Namibia,8,JJ Smit,31,16,2,2,193.75,not_out,T20I # 1823
Namibia Vs Sri Lanka,Sri Lanka,1,Pthum Nissnk,9,10,1,0,90.00,out,T20I # 1823
Namibia Vs Sri Lanka,Sri Lanka,2,Kusl Mendis,6,6,0,0,100.00,out,T20I # 1823
Namibia Vs Sri Lanka,Sri Lanka,3,Dhnnjy de Silv,12,11,1,0,109.09,out,T20I # 1823
Namibia Vs Sri Lanka,Sri Lanka,4,Dnushk Gunthilk,0,1,0,0,0.00,out,T20I # 1823
Namibia Vs Sri Lanka,Sri Lanka,5,Bhnuk Rjpks,20,21,2,0,95.23,out,T20I # 1823
Namibia Vs Sri Lanka,Sri Lanka,6,Dsun Shnk(c),29,23,2,1,126.08,out,T20I # 1823
Namibia Vs Sri Lanka,Sri Lanka,7,Wnindu Hsrng de Silv,4,8,0,0,50.00,out,T20I # 1823
Namibia Vs Sri Lanka,Sri Lanka,8,Chmik Krunrtne,5,8,0,0,62.50,out,T20I # 1823
Namibia Vs Sri Lanka,Sri Lanka,9,Prmod Mdushn,0,0,0,0,-,out,T20I # 1823
Namibia Vs Sri Lanka,Sri Lanka,10,Dushmnth Chmeer,8,15,0,0,53.33,out,T20I # 1823
Namibia Vs Sri Lanka,Sri Lanka,11,Mheesh Theekshn,11,11,0,1,100.00,not_out,T20I # 1823
U.A.E. Vs Netherlands,U.A.E.,1,Chirg Suri,12,20,1,0,60.00,out,T20I # 1825
U.A.E. Vs Netherlands,U.A.E.,2,Muhmmd Wseem,41,47,1,2,87.23,out,T20I # 1825
U.A.E. Vs Netherlands,U.A.E.,3,Kshif Dud,15,14,0,1,107.14,out,T20I # 1825
U.A.E. Vs Netherlands,U.A.E.,4,Vriity Arvind,18,21,0,0,85.71,out,T20I # 1825
U.A.E. Vs Netherlands,U.A.E.,5,Zwr Frid,2,4,0,0,50.00,out,T20I # 1825
U.A.E. Vs Netherlands,U.A.E.,6,Bsil Hmeed,4,4,1,0,100.00,out,T20I # 1825
U.A.E. Vs Netherlands,U.A.E.,7,Chundngpoyil Rizwn(c),1,2,0,0,50.00,out,T20I # 1825
U.A.E. Vs Netherlands,U.A.E.,8,Ayn Afzl Khn,5,7,0,0,71.42,out,T20I # 1825
U.A.E. Vs Netherlands,U.A.E.,9,Krthik Meiyppn,0,0,0,0,-,not_out,T20I # 1825
U.A.E. Vs Netherlands,U.A.E.,10,Junid Siddique,0,1,0,0,0.00,not_out,T20I # 1825
U.A.E. Vs Netherlands,Netherlands,1,Vikrmjit Singh,10,7,2,0,142.85,out,T20I # 1825
U.A.E. Vs Netherlands,Netherlands,2,Mx O'Dowd,23,18,3,1,127.77,out,T20I # 1825
U.A.E. Vs Netherlands,Netherlands,3,Bs de Leede,14,18,1,0,77.77,out,T20I # 1825
U.A.E. Vs Netherlands,Netherlands,4,Colin Ackermnn,17,19,1,0,89.47,out,T20I # 1825
U.A.E. Vs Netherlands,Netherlands,5,Tom Cooper,8,16,0,0,50.00,out,T20I # 1825
U.A.E. Vs Netherlands,Netherlands,6,Scott Edwrds(c),16,19,0,0,84.21,not_out,T20I # 1825
U.A.E. Vs Netherlands,Netherlands,7,Roelof vn der Merwe,0,2,0,0,0.00,out,T20I # 1825
U.A.E. Vs Netherlands,Netherlands,8,Tim Pringle,15,16,0,0,93.75,out,T20I # 1825
U.A.E. Vs Netherlands,Netherlands,9,Logn vn Beek,4,4,0,0,100.00,not_out,T20I # 1825
Scotland Vs West Indies,Scotland,1,George Munsey,66,53,9,0,124.52,not_out,T20I # 1826
Scotland Vs West Indies,Scotland,2,Michel Jones,20,17,3,0,117.64,out,T20I # 1826
Scotland Vs West Indies,Scotland,3,Mtthew Cross,3,5,0,0,60.00,out,T20I # 1826
Scotland Vs West Indies,Scotland,4,Richie Berrington(c),16,14,0,1,114.28,out,T20I # 1826
Scotland Vs West Indies,Scotland,5,Clum McLeod,23,14,4,0,164.28,out,T20I # 1826
Scotland Vs West Indies,Scotland,6,Michel Lesk,4,6,0,0,66.66,out,T20I # 1826
Scotland Vs West Indies,Scotland,7,Chris Greves,16,11,2,0,145.45,not_out,T20I # 1826
Scotland Vs West Indies,West Indies,1,Kyle Myers,20,13,3,1,153.84,out,T20I # 1826
Scotland Vs West Indies,West Indies,2,Evin Lewis,14,13,1,1,107.69,out,T20I # 1826
Scotland Vs West Indies,West Indies,3,Brndon King,17,15,3,0,113.33,out,T20I # 1826
Scotland Vs West Indies,West Indies,4,Nichols Poorn(c),5,9,0,0,55.55,out,T20I # 1826
Scotland Vs West Indies,West Indies,5,Shmrh Brooks,4,9,0,0,44.44,out,T20I # 1826
Scotland Vs West Indies,West Indies,6,Rovmn Powell,5,6,0,0,83.33,out,T20I # 1826
Scotland Vs West Indies,West Indies,7,Json Holder,38,33,4,1,115.15,out,T20I # 1826
Scotland Vs West Indies,West Indies,8,Akel Hosein,1,1,0,0,100.00,out,T20I # 1826
Scotland Vs West Indies,West Indies,9,Alzrri Joseph,0,1,0,0,0.00,out,T20I # 1826
Scotland Vs West Indies,West Indies,10,Oden Smith,5,8,0,0,62.50,out,T20I # 1826
Scotland Vs West Indies,West Indies,11,Obed McCoy,2,3,0,0,66.66,not_out,T20I # 1826
Zimbabwe Vs Ireland,Zimbabwe,1,Regis Chkbv,0,2,0,0,0.00,out,T20I # 1828
Zimbabwe Vs Ireland,Zimbabwe,2,Crig Ervine(c),9,12,1,0,75.00,out,T20I # 1828
Zimbabwe Vs Ireland,Zimbabwe,3,Wessly Mdhevere,22,19,4,0,115.78,out,T20I # 1828
Zimbabwe Vs Ireland,Zimbabwe,4,Sen Willims,12,11,0,1,109.09,out,T20I # 1828
Zimbabwe Vs Ireland,Zimbabwe,5,Sikndr Rz,82,48,5,5,170.83,out,T20I # 1828
Zimbabwe Vs Ireland,Zimbabwe,6,Milton Shumb,16,14,1,0,114.28,out,T20I # 1828
Zimbabwe Vs Ireland,Zimbabwe,7,Ryn Burl,1,4,0,0,25.00,out,T20I # 1828
Zimbabwe Vs Ireland,Zimbabwe,8,Luke Jongwe,20,10,3,0,200.00,not_out,T20I # 1828
Zimbabwe Vs Ireland,Ireland,1,Pul Stirling,0,2,0,0,0.00,out,T20I # 1828
Zimbabwe Vs Ireland,Ireland,2,Andy Blbirnie(c),3,4,0,0,75.00,out,T20I # 1828
Zimbabwe Vs Ireland,Ireland,3,Lorcn Tucker,11,11,2,0,100.00,out,T20I # 1828
Zimbabwe Vs Ireland,Ireland,4,Hrry Tector,1,4,0,0,25.00,out,T20I # 1828
Zimbabwe Vs Ireland,Ireland,5,Curtis Cmpher,27,22,1,0,122.72,out,T20I # 1828
Zimbabwe Vs Ireland,Ireland,6,George Dockrell,24,20,3,0,120.00,out,T20I # 1828
Zimbabwe Vs Ireland,Ireland,7,Greth Delny,24,20,1,1,120.00,out,T20I # 1828
Zimbabwe Vs Ireland,Ireland,8,Mrk Adir,9,10,0,1,90.00,out,T20I # 1828
Zimbabwe Vs Ireland,Ireland,9,Simi Singh,0,1,0,0,0.00,out,T20I # 1828
Zimbabwe Vs Ireland,Ireland,10,Brry McCrthy,22,16,1,2,137.50,not_out,T20I # 1828
Zimbabwe Vs Ireland,Ireland,11,Josh Little,7,11,1,0,63.63,not_out,T20I # 1828
Namibia Vs Netherlands,Namibia,1,Michel vn Lingen,20,19,3,0,105.26,out,T20I # 1830
Namibia Vs Netherlands,Namibia,2,Divn l Cock,0,2,0,0,0.00,out,T20I # 1830
Namibia Vs Netherlands,Namibia,3,Stephn Brd,19,22,0,0,86.36,out,T20I # 1830
Namibia Vs Netherlands,Namibia,4,Jn Nicol Loftie-Eton,0,2,0,0,0.00,out,T20I # 1830
Namibia Vs Netherlands,Namibia,5,Jn Frylinck,43,48,1,1,89.58,out,T20I # 1830
Namibia Vs Netherlands,Namibia,6,Gerhrd Ersmus(c),16,18,0,0,88.88,out,T20I # 1830
Namibia Vs Netherlands,Namibia,7,Dvid Wiese,11,5,1,0,220.00,not_out,T20I # 1830
Namibia Vs Netherlands,Namibia,8,JJ Smit,5,4,1,0,125.00,not_out,T20I # 1830
Namibia Vs Netherlands,Netherlands,1,Mx O'Dowd,35,35,1,1,100.00,out,T20I # 1830
Namibia Vs Netherlands,Netherlands,2,Vikrmjit Singh,39,31,3,2,125.80,out,T20I # 1830
Namibia Vs Netherlands,Netherlands,3,Bs de Leede,30,30,2,0,100.00,not_out,T20I # 1830
Namibia Vs Netherlands,Netherlands,4,Tom Cooper,6,6,1,0,100.00,out,T20I # 1830
Namibia Vs Netherlands,Netherlands,5,Colin Ackermnn,0,2,0,0,0.00,out,T20I # 1830
Namibia Vs Netherlands,Netherlands,6,Scott Edwrds(c),1,5,0,0,20.00,out,T20I # 1830
Namibia Vs Netherlands,Netherlands,7,Tim Pringle,8,9,0,0,88.88,not_out,T20I # 1830
Sri Lanka Vs U.A.E.,Sri Lanka,1,Pthum Nissnk,74,60,6,2,123.33,out,T20I # 1832
Sri Lanka Vs U.A.E.,Sri Lanka,2,Kusl Mendis,18,13,2,0,138.46,out,T20I # 1832
Sri Lanka Vs U.A.E.,Sri Lanka,3,Dhnnjy de Silv,33,21,3,1,157.14,out,T20I # 1832
Sri Lanka Vs U.A.E.,Sri Lanka,4,Bhnuk Rjpks,5,8,0,0,62.50,out,T20I # 1832
Sri Lanka Vs U.A.E.,Sri Lanka,5,Chrith Aslnk,0,1,0,0,0.00,out,T20I # 1832
Sri Lanka Vs U.A.E.,Sri Lanka,6,Dsun Shnk(c),0,1,0,0,0.00,out,T20I # 1832
Sri Lanka Vs U.A.E.,Sri Lanka,7,Wnindu Hsrng de Silv,2,3,0,0,66.66,out,T20I # 1832
Sri Lanka Vs U.A.E.,Sri Lanka,8,Chmik Krunrtne,8,11,1,0,72.72,out,T20I # 1832
Sri Lanka Vs U.A.E.,Sri Lanka,9,Prmod Mdushn,1,1,0,0,100.00,not_out,T20I # 1832
Sri Lanka Vs U.A.E.,Sri Lanka,10,Dushmnth Chmeer,1,1,0,0,100.00,not_out,T20I # 1832
Sri Lanka Vs U.A.E.,U.A.E.,1,Muhmmd Wseem,2,4,0,0,50.00,out,T20I # 1832
Sri Lanka Vs U.A.E.,U.A.E.,2,Chirg Suri,14,19,3,0,73.68,out,T20I # 1832
Sri Lanka Vs U.A.E.,U.A.E.,3,Aryn Lkr,1,3,0,0,33.33,out,T20I # 1832
Sri Lanka Vs U.A.E.,U.A.E.,4,Chundngpoyil Rizwn(c),1,3,0,0,33.33,out,T20I # 1832
Sri Lanka Vs U.A.E.,U.A.E.,5,Vriity Arvind,9,18,1,0,50.00,out,T20I # 1832
Sri Lanka Vs U.A.E.,U.A.E.,6,Bsil Hmeed,2,6,0,0,33.33,out,T20I # 1832
Sri Lanka Vs U.A.E.,U.A.E.,7,Ayn Afzl Khn,19,21,1,0,90.47,out,T20I # 1832
Sri Lanka Vs U.A.E.,U.A.E.,8,Kshif Dud,0,4,0,0,0.00,out,T20I # 1832
Sri Lanka Vs U.A.E.,U.A.E.,9,Krthik Meiyppn,4,8,0,0,50.00,out,T20I # 1832
Sri Lanka Vs U.A.E.,U.A.E.,10,Junid Siddique,18,16,1,1,112.50,out,T20I # 1832
Sri Lanka Vs U.A.E.,U.A.E.,11,Zhoor Khn,1,1,0,0,100.00,not_out,T20I # 1832
Scotland Vs Ireland,Scotland,1,George Munsey,1,2,0,0,50.00,out,T20I # 1833
Scotland Vs Ireland,Scotland,2,Michel Jones,86,55,6,4,156.36,out,T20I # 1833
Scotland Vs Ireland,Scotland,3,Mtthew Cross,28,21,5,0,133.33,out,T20I # 1833
Scotland Vs Ireland,Scotland,4,Richie Berrington(c),37,27,3,1,137.03,out,T20I # 1833
Scotland Vs Ireland,Scotland,5,Michel Lesk,17,13,2,0,130.76,not_out,T20I # 1833
Scotland Vs Ireland,Scotland,6,Clum McLeod,0,3,0,0,0.00,out,T20I # 1833
Scotland Vs Ireland,Ireland,1,Pul Stirling,8,10,1,0,80.00,out,T20I # 1833
Scotland Vs Ireland,Ireland,2,Andy Blbirnie(c),14,12,2,0,116.66,out,T20I # 1833
Scotland Vs Ireland,Ireland,3,Lorcn Tucker,20,17,2,0,117.64,out,T20I # 1833
Scotland Vs Ireland,Ireland,4,Hrry Tector,14,16,1,0,87.50,out,T20I # 1833
Scotland Vs Ireland,Ireland,5,Curtis Cmpher,72,32,7,2,225.00,not_out,T20I # 1833
Scotland Vs Ireland,Ireland,6,George Dockrell,39,27,4,1,144.44,not_out,T20I # 1833
West Indies Vs Zimbabwe,West Indies,1,Kyle Myers,13,12,2,0,108.33,out,T20I # 1834
West Indies Vs Zimbabwe,West Indies,2,Johnson Chrles,45,36,3,2,125.00,out,T20I # 1834
West Indies Vs Zimbabwe,West Indies,3,Evin Lewis,15,18,1,0,83.33,out,T20I # 1834
West Indies Vs Zimbabwe,West Indies,4,Nichols Poorn(c),7,9,0,0,77.77,out,T20I # 1834
West Indies Vs Zimbabwe,West Indies,5,Rovmn Powell,28,21,1,2,133.33,out,T20I # 1834
West Indies Vs Zimbabwe,West Indies,6,Shmrh Brooks,0,3,0,0,0.00,out,T20I # 1834
West Indies Vs Zimbabwe,West Indies,7,Json Holder,4,3,0,0,133.33,out,T20I # 1834
West Indies Vs Zimbabwe,West Indies,8,Akel Hosein,23,18,2,0,127.77,not_out,T20I # 1834
West Indies Vs Zimbabwe,West Indies,9,Oden Smith,1,2,0,0,50.00,not_out,T20I # 1834
West Indies Vs Zimbabwe,Zimbabwe,1,Wessly Mdhevere,27,19,3,1,142.10,out,T20I # 1834
West Indies Vs Zimbabwe,Zimbabwe,2,Regis Chkbv(c),13,9,3,0,144.44,out,T20I # 1834
West Indies Vs Zimbabwe,Zimbabwe,3,Tony Munyong,2,6,0,0,33.33,out,T20I # 1834
West Indies Vs Zimbabwe,Zimbabwe,4,Sen Willims,1,2,0,0,50.00,out,T20I # 1834
West Indies Vs Zimbabwe,Zimbabwe,5,Sikndr Rz,14,8,1,1,175.00,out,T20I # 1834
West Indies Vs Zimbabwe,Zimbabwe,6,Milton Shumb,2,9,0,0,22.22,out,T20I # 1834
West Indies Vs Zimbabwe,Zimbabwe,7,Ryn Burl,17,19,3,0,89.47,out,T20I # 1834
West Indies Vs Zimbabwe,Zimbabwe,8,Luke Jongwe,29,22,3,1,131.81,out,T20I # 1834
West Indies Vs Zimbabwe,Zimbabwe,9,Richrd Ngrv,2,6,0,0,33.33,out,T20I # 1834
West Indies Vs Zimbabwe,Zimbabwe,10,Tendi Chtr,3,8,0,0,37.50,out,T20I # 1834
West Indies Vs Zimbabwe,Zimbabwe,11,Blessing Muzrbni,1,4,0,0,25.00,not_out,T20I # 1834
Sri Lanka Vs Netherlands,Sri Lanka,1,Pthum Nissnk,14,21,0,1,66.66,out,T20I # 1835
Sri Lanka Vs Netherlands,Sri Lanka,2,Kusl Mendis,79,44,5,5,179.54,out,T20I # 1835
Sri Lanka Vs Netherlands,Sri Lanka,3,Dhnnjy de Silv,0,1,0,0,0.00,out,T20I # 1835
Sri Lanka Vs Netherlands,Sri Lanka,4,Chrith Aslnk,31,30,3,0,103.33,out,T20I # 1835
Sri Lanka Vs Netherlands,Sri Lanka,5,Bhnuk Rjpks,19,13,2,0,146.15,out,T20I # 1835
Sri Lanka Vs Netherlands,Sri Lanka,6,Dsun Shnk(c),8,5,0,1,160.00,out,T20I # 1835
Sri Lanka Vs Netherlands,Sri Lanka,7,Wnindu Hsrng de Silv,5,4,0,0,125.00,not_out,T20I # 1835
Sri Lanka Vs Netherlands,Sri Lanka,8,Chmik Krunrtne,2,2,0,0,100.00,not_out,T20I # 1835
Sri Lanka Vs Netherlands,Netherlands,1,Mx O'Dowd,71,53,6,3,133.96,not_out,T20I # 1835
Sri Lanka Vs Netherlands,Netherlands,2,Vikrmjit Singh,7,14,0,0,50.00,out,T20I # 1835
Sri Lanka Vs Netherlands,Netherlands,3,Bs de Leede,14,10,1,1,140.00,out,T20I # 1835
Sri Lanka Vs Netherlands,Netherlands,4,Colin Ackermnn,0,1,0,0,0.00,out,T20I # 1835
Sri Lanka Vs Netherlands,Netherlands,5,Tom Cooper,16,19,2,0,84.21,out,T20I # 1835
Sri Lanka Vs Netherlands,Netherlands,6,Scott Edwrds(c),21,15,3,0,140.00,out,T20I # 1835
Sri Lanka Vs Netherlands,Netherlands,7,Tim Pringle,2,4,0,0,50.00,out,T20I # 1835
Sri Lanka Vs Netherlands,Netherlands,8,Timm vn der Gugten,0,1,0,0,0.00,out,T20I # 1835
Sri Lanka Vs Netherlands,Netherlands,9,Fred Klssen,3,3,0,0,100.00,out,T20I # 1835
Sri Lanka Vs Netherlands,Netherlands,10,Pul vn Meekeren,0,0,0,0,-,out,T20I # 1835
Sri Lanka Vs Netherlands,Netherlands,11,Roelof vn der Merwe,0,1,0,0,0.00,not_out,T20I # 1835
U.A.E. Vs Namibia,U.A.E.,1,Muhmmd Wseem,50,41,1,3,121.95,out,T20I # 1836
U.A.E. Vs Namibia,U.A.E.,2,Vriity Arvind,21,32,2,0,65.62,out,T20I # 1836
U.A.E. Vs Namibia,U.A.E.,3,Chundngpoyil Rizwn(c),43,29,3,1,148.27,not_out,T20I # 1836
U.A.E. Vs Namibia,U.A.E.,4,Alishn Shrfu,4,4,0,0,100.00,out,T20I # 1836
U.A.E. Vs Namibia,U.A.E.,5,Bsil Hmeed,25,14,2,2,178.57,not_out,T20I # 1836
U.A.E. Vs Namibia,Namibia,1,Michel vn Lingen,10,8,1,0,125.00,out,T20I # 1836
U.A.E. Vs Namibia,Namibia,2,Stephn Brd,4,6,1,0,66.66,out,T20I # 1836
U.A.E. Vs Namibia,Namibia,3,Jn Nicol Loftie-Eton,1,6,0,0,16.66,out,T20I # 1836
U.A.E. Vs Namibia,Namibia,4,Gerhrd Ersmus(c),16,18,2,0,88.88,out,T20I # 1836
U.A.E. Vs Namibia,Namibia,5,Jn Frylinck,14,17,1,0,82.35,out,T20I # 1836
U.A.E. Vs Namibia,Namibia,6,JJ Smit,3,3,0,0,100.00,out,T20I # 1836
U.A.E. Vs Namibia,Namibia,7,Dvid Wiese,55,36,3,3,152.77,out,T20I # 1836
U.A.E. Vs Namibia,Namibia,8,Zne Green,2,3,0,0,66.66,out,T20I # 1836
U.A.E. Vs Namibia,Namibia,9,Ruben Trumpelmnn,25,24,1,1,104.16,not_out,T20I # 1836
U.A.E. Vs Namibia,Namibia,10,Bernrd Scholtz,1,1,0,0,100.00,not_out,T20I # 1836
West Indies Vs Ireland,West Indies,1,Kyle Myers,1,5,0,0,20.00,out,T20I # 1837
West Indies Vs Ireland,West Indies,2,Johnson Chrles,24,18,3,1,133.33,out,T20I # 1837
West Indies Vs Ireland,West Indies,3,Evin Lewis,13,18,0,0,72.22,out,T20I # 1837
West Indies Vs Ireland,West Indies,4,Brndon King,62,48,6,1,129.16,not_out,T20I # 1837
West Indies Vs Ireland,West Indies,5,Nichols Poorn(c),13,11,0,1,118.18,out,T20I # 1837
West Indies Vs Ireland,West Indies,6,Rovmn Powell,6,8,1,0,75.00,out,T20I # 1837
West Indies Vs Ireland,West Indies,7,Oden Smith,19,12,1,2,158.33,not_out,T20I # 1837
West Indies Vs Ireland,Ireland,1,Pul Stirling,66,48,6,2,137.50,not_out,T20I # 1837
West Indies Vs Ireland,Ireland,2,Andy Blbirnie(c),37,23,3,3,160.86,out,T20I # 1837
West Indies Vs Ireland,Ireland,3,Lorcn Tucker,45,35,2,2,128.57,not_out,T20I # 1837
Scotland Vs Zimbabwe,Scotland,1,George Munsey,54,51,7,0,105.88,out,T20I # 1838
Scotland Vs Zimbabwe,Scotland,2,Michel Jones,4,5,1,0,80.00,out,T20I # 1838
Scotland Vs Zimbabwe,Scotland,3,Mtthew Cross,1,7,0,0,14.28,out,T20I # 1838
Scotland Vs Zimbabwe,Scotland,4,Richie Berrington(c),13,15,0,0,86.66,out,T20I # 1838
Scotland Vs Zimbabwe,Scotland,5,Clum McLeod,25,26,1,0,96.15,out,T20I # 1838
Scotland Vs Zimbabwe,Scotland,6,Michel Lesk,12,9,2,0,133.33,out,T20I # 1838
Scotland Vs Zimbabwe,Scotland,7,Chris Greves,3,7,0,0,42.85,not_out,T20I # 1838
Scotland Vs Zimbabwe,Scotland,8,Josh Dvey,4,3,0,0,133.33,not_out,T20I # 1838
Scotland Vs Zimbabwe,Zimbabwe,1,Regis Chkbv,4,3,1,0,133.33,out,T20I # 1838
Scotland Vs Zimbabwe,Zimbabwe,2,Crig Ervine(c),58,54,6,0,107.40,out,T20I # 1838
Scotland Vs Zimbabwe,Zimbabwe,3,Wessly Mdhevere,0,5,0,0,0.00,out,T20I # 1838
Scotland Vs Zimbabwe,Zimbabwe,4,Sen Willims,7,12,0,0,58.33,out,T20I # 1838
Scotland Vs Zimbabwe,Zimbabwe,5,Sikndr Rz,40,23,3,2,173.91,out,T20I # 1838
Scotland Vs Zimbabwe,Zimbabwe,6,Milton Shumb,11,11,0,0,100.00,not_out,T20I # 1838
Scotland Vs Zimbabwe,Zimbabwe,7,Ryn Burl,9,5,1,0,180.00,not_out,T20I # 1838
New Zealand Vs Australia,New Zealand,1,Finn Allen,42,16,5,3,262.50,out,T20I # 1839
New Zealand Vs Australia,New Zealand,2,Devon Conwy,92,58,7,2,158.62,not_out,T20I # 1839
New Zealand Vs Australia,New Zealand,3,Kne Willimson(c),23,23,1,1,100.00,out,T20I # 1839
New Zealand Vs Australia,New Zealand,4,Glenn Phillips,12,10,2,0,120.00,out,T20I # 1839
New Zealand Vs Australia,New Zealand,5,Jmes Neeshm,26,13,0,2,200.00,not_out,T20I # 1839
New Zealand Vs Australia,Australia,1,Dvid Wrner,5,6,1,0,83.33,out,T20I # 1839
New Zealand Vs Australia,Australia,2,Aron Finch(c),13,11,1,1,118.18,out,T20I # 1839
New Zealand Vs Australia,Australia,3,Mitchell Mrsh,16,12,2,1,133.33,out,T20I # 1839
New Zealand Vs Australia,Australia,4,Glenn Mxwell,28,20,3,1,140.00,out,T20I # 1839
New Zealand Vs Australia,Australia,5,Mrcus Stoinis,7,14,0,0,50.00,out,T20I # 1839
New Zealand Vs Australia,Australia,6,Tim Dvid,11,8,0,1,137.50,out,T20I # 1839
New Zealand Vs Australia,Australia,7,Mtthew Wde,2,4,0,0,50.00,out,T20I # 1839
New Zealand Vs Australia,Australia,8,Pt Cummins,21,18,2,1,116.66,out,T20I # 1839
New Zealand Vs Australia,Australia,9,Mitchell Strc,4,7,0,0,57.14,out,T20I # 1839
New Zealand Vs Australia,Australia,10,Adm Zmp,0,2,0,0,0.00,out,T20I # 1839
New Zealand Vs Australia,Australia,11,Josh Hzlewood,1,1,0,0,100.00,not_out,T20I # 1839
Afghanistan Vs England,Afghanistan,1,Hzrtullh Zzi,7,17,1,0,41.17,out,T20I # 1840
Afghanistan Vs England,Afghanistan,2,Rhmnullh Gurbz,10,9,0,1,111.11,out,T20I # 1840
Afghanistan Vs England,Afghanistan,3,Ibrhim Zdrn,32,32,3,1,100.00,out,T20I # 1840
Afghanistan Vs England,Afghanistan,4,Usmn Ghni,30,30,3,0,100.00,out,T20I # 1840
Afghanistan Vs England,Afghanistan,5,Njibullh Zdrn,13,11,0,1,118.18,out,T20I # 1840
Afghanistan Vs England,Afghanistan,6,Mohmmd Nbi(c),3,5,0,0,60.00,out,T20I # 1840
Afghanistan Vs England,Afghanistan,7,Azmtullh Omrzi,8,6,1,0,133.33,out,T20I # 1840
Afghanistan Vs England,Afghanistan,8,Rshid Khn,0,1,0,0,0.00,out,T20I # 1840
Afghanistan Vs England,Afghanistan,9,Mujeeb Ur Rhmn,0,1,0,0,0.00,out,T20I # 1840
Afghanistan Vs England,Afghanistan,10,Freed Ahmd,2,4,0,0,50.00,not_out,T20I # 1840
Afghanistan Vs England,Afghanistan,11,Fzlhq Frooqi,0,2,0,0,0.00,out,T20I # 1840
Afghanistan Vs England,England,1,Jos Buttler(c),18,18,3,0,100.00,out,T20I # 1840
Afghanistan Vs England,England,2,Alex Hles,19,20,0,1,95.00,out,T20I # 1840
Afghanistan Vs England,England,3,Dwid Mln,18,30,0,0,60.00,out,T20I # 1840
Afghanistan Vs England,England,4,Ben Stokes,2,4,0,0,50.00,out,T20I # 1840
Afghanistan Vs England,England,5,Lim Livingstone,29,21,3,0,138.09,not_out,T20I # 1840
Afghanistan Vs England,England,6,Hrry Brook,7,6,0,0,116.66,out,T20I # 1840
Afghanistan Vs England,England,7,Moeen Ali,8,10,0,0,80.00,not_out,T20I # 1840
Ireland Vs Sri Lanka,Ireland,1,Pul Stirling,34,25,4,1,136.00,out,T20I # 1841
Ireland Vs Sri Lanka,Ireland,2,Andy Blbirnie(c),1,5,0,0,20.00,out,T20I # 1841
Ireland Vs Sri Lanka,Ireland,3,Lorcn Tucker,10,11,1,0,90.90,out,T20I # 1841
Ireland Vs Sri Lanka,Ireland,4,Hrry Tector,45,42,2,1,107.14,out,T20I # 1841
Ireland Vs Sri Lanka,Ireland,5,Curtis Cmpher,2,4,0,0,50.00,out,T20I # 1841
Ireland Vs Sri Lanka,Ireland,6,George Dockrell,14,16,0,0,87.50,out,T20I # 1841
Ireland Vs Sri Lanka,Ireland,7,Greth Delny,9,6,1,0,150.00,out,T20I # 1841
Ireland Vs Sri Lanka,Ireland,8,Mrk Adir,0,1,0,0,0.00,out,T20I # 1841
Ireland Vs Sri Lanka,Ireland,9,Simi Singh,7,8,1,0,87.50,not_out,T20I # 1841
Ireland Vs Sri Lanka,Ireland,10,Brry McCrthy,2,2,0,0,100.00,not_out,T20I # 1841
Ireland Vs Sri Lanka,Sri Lanka,1,Kusl Mendis,68,43,5,3,158.13,not_out,T20I # 1841
Ireland Vs Sri Lanka,Sri Lanka,2,Dhnnjy de Silv,31,25,2,1,124.00,out,T20I # 1841
Ireland Vs Sri Lanka,Sri Lanka,3,Chrith Aslnk,31,22,2,0,140.90,not_out,T20I # 1841
Pakistan Vs India,Pakistan,1,Mohmmd Rizwn,4,12,1,0,33.33,out,T20I # 1842
Pakistan Vs India,Pakistan,2,Bbr Azm(c),0,1,0,0,0.00,out,T20I # 1842
Pakistan Vs India,Pakistan,3,Shn Msood,52,42,5,0,123.80,not_out,T20I # 1842
Pakistan Vs India,Pakistan,4,Iftikhr Ahmed,51,34,2,4,150.00,out,T20I # 1842
Pakistan Vs India,Pakistan,5,Shdb Khn,5,6,1,0,83.33,out,T20I # 1842
Pakistan Vs India,Pakistan,6,Hider Ali,2,4,0,0,50.00,out,T20I # 1842
Pakistan Vs India,Pakistan,7,Mohmmd Nwz,9,6,2,0,150.00,out,T20I # 1842
Pakistan Vs India,Pakistan,8,Asif Ali,2,3,0,0,66.66,out,T20I # 1842
Pakistan Vs India,Pakistan,9,Shheen Shh Afridi,16,8,1,1,200.00,out,T20I # 1842
Pakistan Vs India,Pakistan,10,Hris Ruf,6,4,0,1,150.00,not_out,T20I # 1842
Pakistan Vs India,India,1,KL Rhul,4,8,0,0,50.00,out,T20I # 1842
Pakistan Vs India,India,2,Rohit Shrm(c),4,7,0,0,57.14,out,T20I # 1842
Pakistan Vs India,India,3,Virt Kohli,82,53,6,4,154.71,not_out,T20I # 1842
Pakistan Vs India,India,4,Surykumr Ydv,15,10,2,0,150.00,out,T20I # 1842
Pakistan Vs India,India,5,Axr Ptel,2,3,0,0,66.66,out,T20I # 1842
Pakistan Vs India,India,6,Hrdik Pndy,40,37,1,2,108.10,out,T20I # 1842
Pakistan Vs India,India,7,Dinesh Krthik,1,2,0,0,50.00,out,T20I # 1842
Pakistan Vs India,India,8,Rvichndrn Ashwin,1,1,0,0,100.00,not_out,T20I # 1842
Bangladesh Vs Netherlands,Bangladesh,1,Njmul Hossin Shnto,25,20,4,0,125.00,out,T20I # 1843
Bangladesh Vs Netherlands,Bangladesh,2,Soumy Srkr,14,14,2,0,100.00,out,T20I # 1843
Bangladesh Vs Netherlands,Bangladesh,3,Litton Ds,9,11,0,0,81.81,out,T20I # 1843
Bangladesh Vs Netherlands,Bangladesh,4,Shkib Al Hsn(c),7,9,0,0,77.77,out,T20I # 1843
Bangladesh Vs Netherlands,Bangladesh,5,Afif Hossin,38,27,2,2,140.74,out,T20I # 1843
Bangladesh Vs Netherlands,Bangladesh,6,Ysir Ali,3,5,0,0,60.00,out,T20I # 1843
Bangladesh Vs Netherlands,Bangladesh,7,Nurul Hsn,13,18,0,0,72.22,out,T20I # 1843
Bangladesh Vs Netherlands,Bangladesh,8,Mosddek Hossin,20,12,2,1,166.66,not_out,T20I # 1843
Bangladesh Vs Netherlands,Bangladesh,9,Tskin Ahmed,0,1,0,0,0.00,out,T20I # 1843
Bangladesh Vs Netherlands,Bangladesh,10,Hsn Mhmud,0,3,0,0,0.00,not_out,T20I # 1843
Bangladesh Vs Netherlands,Netherlands,1,Vikrmjit Singh,0,1,0,0,0.00,out,T20I # 1843
Bangladesh Vs Netherlands,Netherlands,2,Mx O'Dowd,8,8,0,1,100.00,out,T20I # 1843
Bangladesh Vs Netherlands,Netherlands,3,Bs de Leede,0,1,0,0,0.00,out,T20I # 1843
Bangladesh Vs Netherlands,Netherlands,4,Colin Ackermnn,62,48,6,2,129.16,out,T20I # 1843
Bangladesh Vs Netherlands,Netherlands,5,Tom Cooper,0,0,0,0,-,out,T20I # 1843
Bangladesh Vs Netherlands,Netherlands,6,Scott Edwrds(c),16,24,1,0,66.66,out,T20I # 1843
Bangladesh Vs Netherlands,Netherlands,7,Tim Pringle,1,6,0,0,16.66,out,T20I # 1843
Bangladesh Vs Netherlands,Netherlands,8,Logn vn Beek,2,5,0,0,40.00,out,T20I # 1843
Bangladesh Vs Netherlands,Netherlands,9,Shriz Ahmd,9,8,1,0,112.50,out,T20I # 1843
Bangladesh Vs Netherlands,Netherlands,10,Fred Klssen,7,6,0,0,116.66,not_out,T20I # 1843
Bangladesh Vs Netherlands,Netherlands,11,Pul vn Meekeren,24,14,3,1,171.42,out,T20I # 1843
Zimbabwe Vs South Africa,Zimbabwe,1,Regis Chkbv,8,8,0,1,100.00,out,T20I # 1844
Zimbabwe Vs South Africa,Zimbabwe,2,Crig Ervine(c),2,6,0,0,33.33,out,T20I # 1844
Zimbabwe Vs South Africa,Zimbabwe,3,Sen Willims,1,1,0,0,100.00,out,T20I # 1844
Zimbabwe Vs South Africa,Zimbabwe,4,Sikndr Rz,0,2,0,0,0.00,out,T20I # 1844
Zimbabwe Vs South Africa,Zimbabwe,5,Wessly Mdhevere,35,18,4,1,194.44,not_out,T20I # 1844
Zimbabwe Vs South Africa,Zimbabwe,6,Milton Shumb,18,20,2,0,90.00,out,T20I # 1844
Zimbabwe Vs South Africa,South Africa,1,Quinton de Kock,47,18,8,1,261.11,not_out,T20I # 1844
Zimbabwe Vs South Africa,South Africa,2,Temb Bvum(c),2,2,0,0,100.00,not_out,T20I # 1844
Sri Lanka Vs Australia,Sri Lanka,1,Pthum Nissnk,40,45,2,0,88.88,out,T20I # 1845
Sri Lanka Vs Australia,Sri Lanka,2,Kusl Mendis,5,6,1,0,83.33,out,T20I # 1845
Sri Lanka Vs Australia,Sri Lanka,3,Dhnnjy de Silv,26,23,3,0,113.04,out,T20I # 1845
Sri Lanka Vs Australia,Sri Lanka,4,Chrith Aslnk,38,25,3,2,152.00,not_out,T20I # 1845
Sri Lanka Vs Australia,Sri Lanka,5,Bhnuk Rjpks,7,5,1,0,140.00,out,T20I # 1845
Sri Lanka Vs Australia,Sri Lanka,6,Dsun Shnk(c),3,5,0,0,60.00,out,T20I # 1845
Sri Lanka Vs Australia,Sri Lanka,7,Wnindu Hsrng de Silv,1,4,0,0,25.00,out,T20I # 1845
Sri Lanka Vs Australia,Sri Lanka,8,Chmik Krunrtne,14,7,2,0,200.00,not_out,T20I # 1845
Sri Lanka Vs Australia,Australia,1,Dvid Wrner,11,10,0,0,110.00,out,T20I # 1845
Sri Lanka Vs Australia,Australia,2,Aron Finch(c),31,42,0,1,73.80,not_out,T20I # 1845
Sri Lanka Vs Australia,Australia,3,Mitchell Mrsh,17,17,1,1,100.00,out,T20I # 1845
Sri Lanka Vs Australia,Australia,4,Glenn Mxwell,23,12,2,2,191.66,out,T20I # 1845
Sri Lanka Vs Australia,Australia,5,Mrcus Stoinis,59,18,4,6,327.77,not_out,T20I # 1845
Ireland Vs England,Ireland,1,Pul Stirling,14,8,1,1,175.00,out,T20I # 1846
Ireland Vs England,Ireland,2,Andy Blbirnie(c),62,47,5,2,131.91,out,T20I # 1846
Ireland Vs England,Ireland,3,Lorcn Tucker,34,27,3,1,125.92,out,T20I # 1846
Ireland Vs England,Ireland,4,Hrry Tector,0,2,0,0,0.00,out,T20I # 1846
Ireland Vs England,Ireland,5,Curtis Cmpher,18,11,3,0,163.63,out,T20I # 1846
Ireland Vs England,Ireland,6,George Dockrell,0,1,0,0,0.00,out,T20I # 1846
Ireland Vs England,Ireland,7,Greth Delny,12,10,1,0,120.00,not_out,T20I # 1846
Ireland Vs England,Ireland,8,Mrk Adir,4,4,0,0,100.00,out,T20I # 1846
Ireland Vs England,Ireland,9,Brry McCrthy,3,3,0,0,100.00,out,T20I # 1846
Ireland Vs England,Ireland,10,Fionn Hnd,1,2,0,0,50.00,out,T20I # 1846
Ireland Vs England,Ireland,11,Josh Little,0,1,0,0,0.00,out,T20I # 1846
Ireland Vs England,England,1,Jos Buttler(c),0,2,0,0,0.00,out,T20I # 1846
Ireland Vs England,England,2,Alex Hles,7,5,1,0,140.00,out,T20I # 1846
Ireland Vs England,England,3,Dwid Mln,35,37,2,0,94.59,out,T20I # 1846
Ireland Vs England,England,4,Ben Stokes,6,8,0,0,75.00,out,T20I # 1846
Ireland Vs England,England,5,Hrry Brook,18,21,1,0,85.71,out,T20I # 1846
Ireland Vs England,England,6,Moeen Ali,24,12,3,1,200.00,not_out,T20I # 1846
Ireland Vs England,England,7,Lim Livingstone,1,2,0,0,50.00,not_out,T20I # 1846
South Africa Vs Bangladesh,South Africa,1,Temb Bvum(c),2,6,0,0,33.33,out,T20I # 1847
South Africa Vs Bangladesh,South Africa,2,Quinton de Kock,63,38,7,3,165.78,out,T20I # 1847
South Africa Vs Bangladesh,South Africa,3,Rilee Rossouw,109,56,7,8,194.64,out,T20I # 1847
South Africa Vs Bangladesh,South Africa,4,Tristn Stubbs,7,7,1,0,100.00,out,T20I # 1847
South Africa Vs Bangladesh,South Africa,5,Aiden Mrkrm,10,11,1,0,90.90,out,T20I # 1847
South Africa Vs Bangladesh,South Africa,6,Dvid Miller,2,4,0,0,50.00,not_out,T20I # 1847
South Africa Vs Bangladesh,South Africa,7,Wyne Prnell,0,2,0,0,0.00,not_out,T20I # 1847
South Africa Vs Bangladesh,Bangladesh,1,Njmul Hossin Shnto,9,9,1,0,100.00,out,T20I # 1847
South Africa Vs Bangladesh,Bangladesh,2,Soumy Srkr,15,6,0,2,250.00,out,T20I # 1847
South Africa Vs Bangladesh,Bangladesh,3,Litton Ds,34,31,1,1,109.67,out,T20I # 1847
South Africa Vs Bangladesh,Bangladesh,4,Shkib Al Hsn(c),1,4,0,0,25.00,out,T20I # 1847
South Africa Vs Bangladesh,Bangladesh,5,Afif Hossin,1,5,0,0,20.00,out,T20I # 1847
South Africa Vs Bangladesh,Bangladesh,6,Mehidy Hsn Mirz,11,13,0,0,84.61,out,T20I # 1847
South Africa Vs Bangladesh,Bangladesh,7,Mosddek Hossin,0,3,0,0,0.00,out,T20I # 1847
South Africa Vs Bangladesh,Bangladesh,8,Nurul Hsn,2,6,0,0,33.33,out,T20I # 1847
South Africa Vs Bangladesh,Bangladesh,9,Tskin Ahmed,10,17,1,0,58.82,out,T20I # 1847
South Africa Vs Bangladesh,Bangladesh,10,Hsn Mhmud,0,2,0,0,0.00,out,T20I # 1847
South Africa Vs Bangladesh,Bangladesh,11,Mustfizur Rhmn,9,3,0,1,300.00,not_out,T20I # 1847
India Vs Netherlands,India,1,KL Rhul,9,12,1,0,75.00,out,T20I # 1848
India Vs Netherlands,India,2,Rohit Shrm(c),53,39,4,3,135.89,out,T20I # 1848
India Vs Netherlands,India,3,Virt Kohli,62,44,3,2,140.90,not_out,T20I # 1848
India Vs Netherlands,India,4,Surykumr Ydv,51,25,7,1,204.00,not_out,T20I # 1848
India Vs Netherlands,Netherlands,1,Vikrmjit Singh,1,9,0,0,11.11,out,T20I # 1848
India Vs Netherlands,Netherlands,2,Mx O'Dowd,16,10,3,0,160.00,out,T20I # 1848
India Vs Netherlands,Netherlands,3,Bs de Leede,16,23,0,0,69.56,out,T20I # 1848
India Vs Netherlands,Netherlands,4,Colin Ackermnn,17,21,1,0,80.95,out,T20I # 1848
India Vs Netherlands,Netherlands,5,Tom Cooper,9,12,0,0,75.00,out,T20I # 1848
India Vs Netherlands,Netherlands,6,Scott Edwrds(c),5,8,0,0,62.50,out,T20I # 1848
India Vs Netherlands,Netherlands,7,Tim Pringle,20,15,1,1,133.33,out,T20I # 1848
India Vs Netherlands,Netherlands,8,Logn vn Beek,3,5,0,0,60.00,out,T20I # 1848
India Vs Netherlands,Netherlands,9,Shriz Ahmd,16,11,2,0,145.45,not_out,T20I # 1848
India Vs Netherlands,Netherlands,10,Fred Klssen,0,1,0,0,0.00,out,T20I # 1848
India Vs Netherlands,Netherlands,11,Pul vn Meekeren,14,6,3,0,233.33,not_out,T20I # 1848
Zimbabwe Vs Pakistan,Zimbabwe,1,Wessly Mdhevere,17,13,3,0,130.76,out,T20I # 1849
Zimbabwe Vs Pakistan,Zimbabwe,2,Crig Ervine(c),19,19,2,0,100.00,out,T20I # 1849
Zimbabwe Vs Pakistan,Zimbabwe,3,Milton Shumb,8,10,1,0,80.00,out,T20I # 1849
Zimbabwe Vs Pakistan,Zimbabwe,4,Sen Willims,31,28,3,0,110.71,out,T20I # 1849
Zimbabwe Vs Pakistan,Zimbabwe,5,Sikndr Rz,9,16,1,0,56.25,out,T20I # 1849
Zimbabwe Vs Pakistan,Zimbabwe,6,Regis Chkbv,0,1,0,0,0.00,out,T20I # 1849
Zimbabwe Vs Pakistan,Zimbabwe,7,Ryn Burl,10,15,0,0,66.66,not_out,T20I # 1849
Zimbabwe Vs Pakistan,Zimbabwe,8,Luke Jongwe,0,1,0,0,0.00,out,T20I # 1849
Zimbabwe Vs Pakistan,Zimbabwe,9,Brd Evns,19,15,0,1,126.66,out,T20I # 1849
Zimbabwe Vs Pakistan,Zimbabwe,10,Richrd Ngrv,3,2,0,0,150.00,not_out,T20I # 1849
Zimbabwe Vs Pakistan,Pakistan,1,Mohmmd Rizwn,14,16,1,1,87.50,out,T20I # 1849
Zimbabwe Vs Pakistan,Pakistan,2,Bbr Azm(c),4,9,1,0,44.44,out,T20I # 1849
Zimbabwe Vs Pakistan,Pakistan,3,Shn Msood,44,38,3,0,115.78,out,T20I # 1849
Zimbabwe Vs Pakistan,Pakistan,4,Iftikhr Ahmed,5,10,1,0,50.00,out,T20I # 1849
Zimbabwe Vs Pakistan,Pakistan,5,Shdb Khn,17,14,0,1,121.42,out,T20I # 1849
Zimbabwe Vs Pakistan,Pakistan,6,Hider Ali,0,1,0,0,0.00,out,T20I # 1849
Zimbabwe Vs Pakistan,Pakistan,7,Mohmmd Nwz,22,18,1,1,122.22,out,T20I # 1849
Zimbabwe Vs Pakistan,Pakistan,8,Mohmmd Wsim,12,13,2,0,92.30,not_out,T20I # 1849
Zimbabwe Vs Pakistan,Pakistan,9,Shheen Shh Afridi,1,1,0,0,100.00,out,T20I # 1849
New Zealand Vs Sri Lanka,New Zealand,1,Finn Allen,1,3,0,0,33.33,out,T20I # 1850
New Zealand Vs Sri Lanka,New Zealand,2,Devon Conwy,1,4,0,0,25.00,out,T20I # 1850
New Zealand Vs Sri Lanka,New Zealand,3,Kne Willimson(c),8,13,1,0,61.53,out,T20I # 1850
New Zealand Vs Sri Lanka,New Zealand,4,Glenn Phillips,104,64,10,4,162.50,out,T20I # 1850
New Zealand Vs Sri Lanka,New Zealand,5,Dryl Mitchell,22,24,0,0,91.66,out,T20I # 1850
New Zealand Vs Sri Lanka,New Zealand,6,Jmes Neeshm,5,8,0,0,62.50,out,T20I # 1850
New Zealand Vs Sri Lanka,New Zealand,7,Mitchell Sntner,11,5,0,1,220.00,not_out,T20I # 1850
New Zealand Vs Sri Lanka,New Zealand,8,Ish Sodhi,1,1,0,0,100.00,out,T20I # 1850
New Zealand Vs Sri Lanka,New Zealand,9,Tim Southee,4,1,1,0,400.00,not_out,T20I # 1850
New Zealand Vs Sri Lanka,Sri Lanka,1,Pthum Nissnk,0,5,0,0,0.00,out,T20I # 1850
New Zealand Vs Sri Lanka,Sri Lanka,2,Kusl Mendis,4,3,1,0,133.33,out,T20I # 1850
New Zealand Vs Sri Lanka,Sri Lanka,3,Dhnnjy de Silv,0,3,0,0,0.00,out,T20I # 1850
New Zealand Vs Sri Lanka,Sri Lanka,4,Chrith Aslnk,4,8,0,0,50.00,out,T20I # 1850
New Zealand Vs Sri Lanka,Sri Lanka,5,Bhnuk Rjpks,34,22,3,2,154.54,out,T20I # 1850
New Zealand Vs Sri Lanka,Sri Lanka,6,Chmik Krunrtne,3,8,0,0,37.50,out,T20I # 1850
New Zealand Vs Sri Lanka,Sri Lanka,7,Dsun Shnk(c),35,32,4,1,109.37,out,T20I # 1850
New Zealand Vs Sri Lanka,Sri Lanka,8,Wnindu Hsrng de Silv,4,6,1,0,66.66,out,T20I # 1850
New Zealand Vs Sri Lanka,Sri Lanka,9,Mheesh Theekshn,0,3,0,0,0.00,out,T20I # 1850
New Zealand Vs Sri Lanka,Sri Lanka,10,Ksun Rjith,8,21,0,0,38.09,not_out,T20I # 1850
New Zealand Vs Sri Lanka,Sri Lanka,11,Lhiru Kumr,4,5,1,0,80.00,out,T20I # 1850
Bangladesh Vs Zimbabwe,Bangladesh,1,Njmul Hossin Shnto,71,55,7,1,129.09,out,T20I # 1851
Bangladesh Vs Zimbabwe,Bangladesh,2,Soumy Srkr,0,2,0,0,0.00,out,T20I # 1851
Bangladesh Vs Zimbabwe,Bangladesh,3,Litton Ds,14,12,3,0,116.66,out,T20I # 1851
Bangladesh Vs Zimbabwe,Bangladesh,4,Shkib Al Hsn(c),23,20,1,0,115.00,out,T20I # 1851
Bangladesh Vs Zimbabwe,Bangladesh,5,Afif Hossin,29,19,1,1,152.63,out,T20I # 1851
Bangladesh Vs Zimbabwe,Bangladesh,6,Mosddek Hossin,7,10,0,0,70.00,out,T20I # 1851
Bangladesh Vs Zimbabwe,Bangladesh,7,Nurul Hsn,1,1,0,0,100.00,out,T20I # 1851
Bangladesh Vs Zimbabwe,Bangladesh,8,Ysir Ali,1,1,0,0,100.00,not_out,T20I # 1851
Bangladesh Vs Zimbabwe,Zimbabwe,1,Wessly Mdhevere,4,3,1,0,133.33,out,T20I # 1851
Bangladesh Vs Zimbabwe,Zimbabwe,2,Crig Ervine(c),8,7,2,0,114.28,out,T20I # 1851
Bangladesh Vs Zimbabwe,Zimbabwe,3,Milton Shumb,8,15,1,0,53.33,out,T20I # 1851
Bangladesh Vs Zimbabwe,Zimbabwe,4,Sen Willims,64,42,8,0,152.38,out,T20I # 1851
Bangladesh Vs Zimbabwe,Zimbabwe,5,Sikndr Rz,0,3,0,0,0.00,out,T20I # 1851
Bangladesh Vs Zimbabwe,Zimbabwe,6,Regis Chkbv,15,19,0,0,78.94,out,T20I # 1851
Bangladesh Vs Zimbabwe,Zimbabwe,7,Ryn Burl,27,25,2,1,108.00,not_out,T20I # 1851
Bangladesh Vs Zimbabwe,Zimbabwe,8,Brd Evns,2,2,0,0,100.00,out,T20I # 1851
Bangladesh Vs Zimbabwe,Zimbabwe,9,Richrd Ngrv,6,3,0,1,200.00,out,T20I # 1851
Bangladesh Vs Zimbabwe,Zimbabwe,10,Blessing Muzrbni,0,2,0,0,0.00,not_out,T20I # 1851
Netherlands Vs Pakistan,Netherlands,1,Stephn Myburgh,6,11,1,0,54.54,out,T20I # 1852
Netherlands Vs Pakistan,Netherlands,2,Mx O'Dowd,8,13,0,0,61.53,out,T20I # 1852
Netherlands Vs Pakistan,Netherlands,3,Bs de Leede,6,16,1,0,37.50,not_out,T20I # 1852
Netherlands Vs Pakistan,Netherlands,4,Tom Cooper,1,2,0,0,50.00,out,T20I # 1852
Netherlands Vs Pakistan,Netherlands,5,Colin Ackermnn,27,27,2,0,100.00,out,T20I # 1852
Netherlands Vs Pakistan,Netherlands,6,Scott Edwrds(c),15,20,1,0,75.00,out,T20I # 1852
Netherlands Vs Pakistan,Netherlands,7,Roelof vn der Merwe,5,6,0,0,83.33,out,T20I # 1852
Netherlands Vs Pakistan,Netherlands,8,Tim Pringle,5,8,0,0,62.50,out,T20I # 1852
Netherlands Vs Pakistan,Netherlands,9,Logn vn Beek,6,9,0,0,66.66,not_out,T20I # 1852
Netherlands Vs Pakistan,Netherlands,10,Fred Klssen,0,1,0,0,0.00,out,T20I # 1852
Netherlands Vs Pakistan,Netherlands,11,Pul vn Meekeren,7,7,0,0,100.00,out,T20I # 1852
Netherlands Vs Pakistan,Pakistan,1,Mohmmd Rizwn,49,39,5,0,125.64,out,T20I # 1852
Netherlands Vs Pakistan,Pakistan,2,Bbr Azm(c),4,5,1,0,80.00,out,T20I # 1852
Netherlands Vs Pakistan,Pakistan,3,Fkhr Zmn,20,16,3,0,125.00,out,T20I # 1852
Netherlands Vs Pakistan,Pakistan,4,Shn Msood,12,16,0,0,75.00,out,T20I # 1852
Netherlands Vs Pakistan,Pakistan,5,Iftikhr Ahmed,6,5,0,0,120.00,not_out,T20I # 1852
Netherlands Vs Pakistan,Pakistan,6,Shdb Khn,4,2,1,0,200.00,not_out,T20I # 1852
India Vs South Africa,India,1,KL Rhul,9,14,0,1,64.28,out,T20I # 1853
India Vs South Africa,India,2,Rohit Shrm(c),15,14,1,1,107.14,out,T20I # 1853
India Vs South Africa,India,3,Virt Kohli,12,11,2,0,109.09,out,T20I # 1853
India Vs South Africa,India,4,Surykumr Ydv,68,40,6,3,170.00,out,T20I # 1853
India Vs South Africa,India,5,Deepk Hood,0,3,0,0,0.00,out,T20I # 1853
India Vs South Africa,India,6,Hrdik Pndy,2,3,0,0,66.66,out,T20I # 1853
India Vs South Africa,India,7,Dinesh Krthik,6,15,0,0,40.00,out,T20I # 1853
India Vs South Africa,India,8,Rvichndrn Ashwin,7,11,0,0,63.63,out,T20I # 1853
India Vs South Africa,India,9,Bhuvneshwr Kumr,4,6,0,0,66.66,not_out,T20I # 1853
India Vs South Africa,India,10,Mohmmed Shmi,0,2,0,0,0.00,out,T20I # 1853
India Vs South Africa,India,11,Arshdeep Singh,2,1,0,0,200.00,not_out,T20I # 1853
India Vs South Africa,South Africa,1,Quinton de Kock,1,3,0,0,33.33,out,T20I # 1853
India Vs South Africa,South Africa,2,Temb Bvum(c),10,15,0,1,66.66,out,T20I # 1853
India Vs South Africa,South Africa,3,Rilee Rossouw,0,2,0,0,0.00,out,T20I # 1853
India Vs South Africa,South Africa,4,Aiden Mrkrm,52,41,6,1,126.82,out,T20I # 1853
India Vs South Africa,South Africa,5,Dvid Miller,59,46,4,3,128.26,not_out,T20I # 1853
India Vs South Africa,South Africa,6,Tristn Stubbs,6,6,1,0,100.00,out,T20I # 1853
India Vs South Africa,South Africa,7,Wyne Prnell,2,5,0,0,40.00,not_out,T20I # 1853
Australia Vs Ireland,Australia,1,Dvid Wrner,3,7,0,0,42.85,out,T20I # 1855
Australia Vs Ireland,Australia,2,Aron Finch(c),63,44,5,3,143.18,out,T20I # 1855
Australia Vs Ireland,Australia,3,Mitchell Mrsh,28,22,2,2,127.27,out,T20I # 1855
Australia Vs Ireland,Australia,4,Glenn Mxwell,13,9,0,1,144.44,out,T20I # 1855
Australia Vs Ireland,Australia,5,Mrcus Stoinis,35,25,3,1,140.00,out,T20I # 1855
Australia Vs Ireland,Australia,6,Tim Dvid,15,10,2,0,150.00,not_out,T20I # 1855
Australia Vs Ireland,Australia,7,Mtthew Wde,7,3,1,0,233.33,not_out,T20I # 1855
Australia Vs Ireland,Ireland,1,Pul Stirling,11,7,1,1,157.14,out,T20I # 1855
Australia Vs Ireland,Ireland,2,Andy Blbirnie(c),6,7,0,1,85.71,out,T20I # 1855
Australia Vs Ireland,Ireland,3,Lorcn Tucker,71,48,9,1,147.91,not_out,T20I # 1855
Australia Vs Ireland,Ireland,4,Hrry Tector,6,4,1,0,150.00,out,T20I # 1855
Australia Vs Ireland,Ireland,5,Curtis Cmpher,0,1,0,0,0.00,out,T20I # 1855
Australia Vs Ireland,Ireland,6,George Dockrell,0,4,0,0,0.00,out,T20I # 1855
Australia Vs Ireland,Ireland,7,Greth Delny,14,10,2,0,140.00,out,T20I # 1855
Australia Vs Ireland,Ireland,8,Mrk Adir,11,11,1,0,100.00,out,T20I # 1855
Australia Vs Ireland,Ireland,9,Fionn Hnd,6,6,1,0,100.00,out,T20I # 1855
Australia Vs Ireland,Ireland,10,Brry McCrthy,3,7,0,0,42.85,out,T20I # 1855
Australia Vs Ireland,Ireland,11,Josh Little,1,5,0,0,20.00,out,T20I # 1855
Afghanistan Vs Sri Lanka,Afghanistan,1,Rhmnullh Gurbz,28,24,2,2,116.66,out,T20I # 1856
Afghanistan Vs Sri Lanka,Afghanistan,2,Usmn Ghni,27,27,2,1,100.00,out,T20I # 1856
Afghanistan Vs Sri Lanka,Afghanistan,3,Ibrhim Zdrn,22,18,1,1,122.22,out,T20I # 1856
Afghanistan Vs Sri Lanka,Afghanistan,4,Njibullh Zdrn,18,16,1,0,112.50,out,T20I # 1856
Afghanistan Vs Sri Lanka,Afghanistan,5,Gulbdin Nib,12,14,0,0,85.71,out,T20I # 1856
Afghanistan Vs Sri Lanka,Afghanistan,6,Mohmmd Nbi(c),13,8,1,0,162.50,out,T20I # 1856
Afghanistan Vs Sri Lanka,Afghanistan,7,Rshid Khn,9,8,1,0,112.50,out,T20I # 1856
Afghanistan Vs Sri Lanka,Afghanistan,8,Azmtullh Omrzi,3,4,0,0,75.00,not_out,T20I # 1856
Afghanistan Vs Sri Lanka,Afghanistan,9,Mujeeb Ur Rhmn,1,2,0,0,50.00,out,T20I # 1856
Afghanistan Vs Sri Lanka,Sri Lanka,1,Pthum Nissnk,10,10,2,0,100.00,out,T20I # 1856
Afghanistan Vs Sri Lanka,Sri Lanka,2,Kusl Mendis,25,27,2,1,92.59,out,T20I # 1856
Afghanistan Vs Sri Lanka,Sri Lanka,3,Dhnnjy de Silv,66,42,6,2,157.14,not_out,T20I # 1856
Afghanistan Vs Sri Lanka,Sri Lanka,4,Chrith Aslnk,19,18,1,0,105.55,out,T20I # 1856
Afghanistan Vs Sri Lanka,Sri Lanka,5,Bhnuk Rjpks,18,14,3,0,128.57,out,T20I # 1856
Afghanistan Vs Sri Lanka,Sri Lanka,6,Dsun Shnk(c),0,0,0,0,-,not_out,T20I # 1856
England Vs New Zealand,England,1,Jos Buttler(c),73,47,7,2,155.31,out,T20I # 1858
England Vs New Zealand,England,2,Alex Hles,52,40,7,1,130.00,out,T20I # 1858
England Vs New Zealand,England,3,Moeen Ali,5,6,0,0,83.33,out,T20I # 1858
England Vs New Zealand,England,4,Lim Livingstone,20,14,1,1,142.85,out,T20I # 1858
England Vs New Zealand,England,5,Hrry Brook,7,3,0,1,233.33,out,T20I # 1858
England Vs New Zealand,England,6,Ben Stokes,8,7,0,0,114.28,out,T20I # 1858
England Vs New Zealand,England,7,Sm Currn,6,3,0,1,200.00,not_out,T20I # 1858
England Vs New Zealand,England,8,Dwid Mln,3,1,0,0,300.00,not_out,T20I # 1858
England Vs New Zealand,New Zealand,1,Finn Allen,16,11,0,1,145.45,out,T20I # 1858
England Vs New Zealand,New Zealand,2,Devon Conwy,3,9,0,0,33.33,out,T20I # 1858
England Vs New Zealand,New Zealand,3,Kne Willimson(c),40,40,3,0,100.00,out,T20I # 1858
England Vs New Zealand,New Zealand,4,Glenn Phillips,62,36,4,3,172.22,out,T20I # 1858
England Vs New Zealand,New Zealand,5,Jmes Neeshm,6,3,1,0,200.00,out,T20I # 1858
England Vs New Zealand,New Zealand,6,Dryl Mitchell,3,5,0,0,60.00,out,T20I # 1858
England Vs New Zealand,New Zealand,7,Mitchell Sntner,16,10,0,1,160.00,not_out,T20I # 1858
England Vs New Zealand,New Zealand,8,Ish Sodhi,6,6,0,0,100.00,not_out,T20I # 1858
Zimbabwe Vs Netherlands,Zimbabwe,1,Wessly Mdhevere,1,5,0,0,20.00,out,T20I # 1859
Zimbabwe Vs Netherlands,Zimbabwe,2,Crig Ervine(c),3,12,0,0,25.00,out,T20I # 1859
Zimbabwe Vs Netherlands,Zimbabwe,3,Regis Chkbv,5,16,1,0,31.25,out,T20I # 1859
Zimbabwe Vs Netherlands,Zimbabwe,4,Sen Willims,28,23,3,0,121.73,out,T20I # 1859
Zimbabwe Vs Netherlands,Zimbabwe,5,Sikndr Rz,40,24,3,3,166.66,out,T20I # 1859
Zimbabwe Vs Netherlands,Zimbabwe,6,Milton Shumb,2,3,0,0,66.66,out,T20I # 1859
Zimbabwe Vs Netherlands,Zimbabwe,7,Ryn Burl,2,7,0,0,28.57,out,T20I # 1859
Zimbabwe Vs Netherlands,Zimbabwe,8,Luke Jongwe,6,8,0,0,75.00,out,T20I # 1859
Zimbabwe Vs Netherlands,Zimbabwe,9,Richrd Ngrv,9,7,0,1,128.57,out,T20I # 1859
Zimbabwe Vs Netherlands,Zimbabwe,10,Tendi Chtr,6,7,0,0,85.71,not_out,T20I # 1859
Zimbabwe Vs Netherlands,Zimbabwe,11,Blessing Muzrbni,1,4,0,0,25.00,out,T20I # 1859
Zimbabwe Vs Netherlands,Netherlands,1,Stephn Myburgh,8,7,0,1,114.28,out,T20I # 1859
Zimbabwe Vs Netherlands,Netherlands,2,Mx O'Dowd,52,47,8,1,110.63,out,T20I # 1859
Zimbabwe Vs Netherlands,Netherlands,3,Tom Cooper,32,29,2,1,110.34,out,T20I # 1859
Zimbabwe Vs Netherlands,Netherlands,4,Colin Ackermnn,1,5,0,0,20.00,out,T20I # 1859
Zimbabwe Vs Netherlands,Netherlands,5,Bs de Leede,12,12,2,0,100.00,not_out,T20I # 1859
Zimbabwe Vs Netherlands,Netherlands,6,Scott Edwrds(c),5,6,1,0,83.33,out,T20I # 1859
Zimbabwe Vs Netherlands,Netherlands,7,Roelof vn der Merwe,0,3,0,0,0.00,not_out,T20I # 1859
India Vs Bangladesh,India,1,KL Rhul,50,32,3,4,156.25,out,T20I # 1860
India Vs Bangladesh,India,2,Rohit Shrm(c),2,8,0,0,25.00,out,T20I # 1860
India Vs Bangladesh,India,3,Virt Kohli,64,44,8,1,145.45,not_out,T20I # 1860
India Vs Bangladesh,India,4,Surykumr Ydv,30,16,4,0,187.50,out,T20I # 1860
India Vs Bangladesh,India,5,Hrdik Pndy,5,6,0,0,83.33,out,T20I # 1860
India Vs Bangladesh,India,6,Dinesh Krthik,7,5,1,0,140.00,out,T20I # 1860
India Vs Bangladesh,India,7,Axr Ptel,7,6,1,0,116.66,out,T20I # 1860
India Vs Bangladesh,India,8,Rvichndrn Ashwin,13,6,1,1,216.66,not_out,T20I # 1860
India Vs Bangladesh,Bangladesh,1,Njmul Hossin Shnto,21,25,1,1,84.00,out,T20I # 1860
India Vs Bangladesh,Bangladesh,2,Litton Ds,60,27,7,3,222.22,out,T20I # 1860
India Vs Bangladesh,Bangladesh,3,Shkib Al Hsn(c),13,12,2,0,108.33,out,T20I # 1860
India Vs Bangladesh,Bangladesh,4,Afif Hossin,3,5,0,0,60.00,out,T20I # 1860
India Vs Bangladesh,Bangladesh,5,Ysir Ali,1,3,0,0,33.33,out,T20I # 1860
India Vs Bangladesh,Bangladesh,6,Nurul Hsn,25,14,2,1,178.57,not_out,T20I # 1860
India Vs Bangladesh,Bangladesh,7,Mosddek Hossin,6,3,0,1,200.00,out,T20I # 1860
India Vs Bangladesh,Bangladesh,8,Tskin Ahmed,12,7,1,1,171.42,not_out,T20I # 1860
Pakistan Vs South Africa,Pakistan,1,Mohmmd Rizwn,4,4,1,0,100.00,out,T20I # 1861
Pakistan Vs South Africa,Pakistan,2,Bbr Azm(c),6,15,0,0,40.00,out,T20I # 1861
Pakistan Vs South Africa,Pakistan,3,Mohmmd Hris,28,11,2,3,254.54,out,T20I # 1861
Pakistan Vs South Africa,Pakistan,4,Shn Msood,2,6,0,0,33.33,out,T20I # 1861
Pakistan Vs South Africa,Pakistan,5,Iftikhr Ahmed,51,35,3,2,145.71,out,T20I # 1861
Pakistan Vs South Africa,Pakistan,6,Mohmmd Nwz,28,22,4,1,127.27,out,T20I # 1861
Pakistan Vs South Africa,Pakistan,7,Shdb Khn,52,22,3,4,236.36,out,T20I # 1861
Pakistan Vs South Africa,Pakistan,8,Mohmmd Wsim,0,1,0,0,0.00,out,T20I # 1861
Pakistan Vs South Africa,Pakistan,9,Nseem Shh,5,3,0,0,166.66,not_out,T20I # 1861
Pakistan Vs South Africa,Pakistan,10,Hris Ruf,3,2,0,0,150.00,out,T20I # 1861
Pakistan Vs South Africa,South Africa,1,Temb Bvum(c),36,19,4,1,189.47,out,T20I # 1861
Pakistan Vs South Africa,South Africa,2,Quinton de Kock,0,5,0,0,0.00,out,T20I # 1861
Pakistan Vs South Africa,South Africa,3,Rilee Rossouw,7,6,0,1,116.66,out,T20I # 1861
Pakistan Vs South Africa,South Africa,4,Aiden Mrkrm,20,14,4,0,142.85,out,T20I # 1861
Pakistan Vs South Africa,South Africa,5,Heinrich Klsen,15,9,3,0,166.66,out,T20I # 1861
Pakistan Vs South Africa,South Africa,6,Tristn Stubbs,18,18,0,1,100.00,out,T20I # 1861
Pakistan Vs South Africa,South Africa,7,Wyne Prnell,3,4,0,0,75.00,out,T20I # 1861
Pakistan Vs South Africa,South Africa,8,Kgiso Rbd,1,2,0,0,50.00,out,T20I # 1861
Pakistan Vs South Africa,South Africa,9,Anrich Nortje,1,5,0,0,20.00,out,T20I # 1861
Pakistan Vs South Africa,South Africa,10,Lungi Ngidi,4,1,1,0,400.00,not_out,T20I # 1861
Pakistan Vs South Africa,South Africa,11,Tbriz Shmsi,1,1,0,0,100.00,not_out,T20I # 1861
New Zealand Vs Ireland,New Zealand,1,Finn Allen,32,18,5,1,177.77,out,T20I # 1862
New Zealand Vs Ireland,New Zealand,2,Devon Conwy,28,33,2,0,84.84,out,T20I # 1862
New Zealand Vs Ireland,New Zealand,3,Kne Willimson(c),61,35,5,3,174.28,out,T20I # 1862
New Zealand Vs Ireland,New Zealand,4,Glenn Phillips,17,9,2,1,188.88,out,T20I # 1862
New Zealand Vs Ireland,New Zealand,5,Dryl Mitchell,31,21,2,0,147.61,not_out,T20I # 1862
New Zealand Vs Ireland,New Zealand,6,Jmes Neeshm,0,1,0,0,0.00,out,T20I # 1862
New Zealand Vs Ireland,New Zealand,7,Mitchell Sntner,0,1,0,0,0.00,out,T20I # 1862
New Zealand Vs Ireland,New Zealand,8,Tim Southee,1,2,0,0,50.00,not_out,T20I # 1862
New Zealand Vs Ireland,Ireland,1,Pul Stirling,37,27,3,1,137.03,out,T20I # 1862
New Zealand Vs Ireland,Ireland,2,Andy Blbirnie(c),30,25,0,3,120.00,out,T20I # 1862
New Zealand Vs Ireland,Ireland,3,Lorcn Tucker,13,14,0,0,92.85,out,T20I # 1862
New Zealand Vs Ireland,Ireland,4,Hrry Tector,2,7,0,0,28.57,out,T20I # 1862
New Zealand Vs Ireland,Ireland,5,Greth Delny,10,8,2,0,125.00,out,T20I # 1862
New Zealand Vs Ireland,Ireland,6,George Dockrell,23,15,3,0,153.33,out,T20I # 1862
New Zealand Vs Ireland,Ireland,7,Curtis Cmpher,7,7,1,0,100.00,out,T20I # 1862
New Zealand Vs Ireland,Ireland,8,Fionn Hnd,5,3,1,0,166.66,out,T20I # 1862
New Zealand Vs Ireland,Ireland,9,Mrk Adir,4,5,0,0,80.00,out,T20I # 1862
New Zealand Vs Ireland,Ireland,10,Brry McCrthy,6,5,0,0,120.00,not_out,T20I # 1862
New Zealand Vs Ireland,Ireland,11,Josh Little,8,4,0,1,200.00,not_out,T20I # 1862
Australia Vs Afghanistan,Australia,1,Dvid Wrner,25,18,5,0,138.88,out,T20I # 1864
Australia Vs Afghanistan,Australia,2,Cmeron Green,3,2,0,0,150.00,out,T20I # 1864
Australia Vs Afghanistan,Australia,3,Mitchell Mrsh,45,30,3,2,150.00,out,T20I # 1864
Australia Vs Afghanistan,Australia,4,Steven Smith,4,4,1,0,100.00,out,T20I # 1864
Australia Vs Afghanistan,Australia,5,Mrcus Stoinis,25,21,0,2,119.04,out,T20I # 1864
Australia Vs Afghanistan,Australia,6,Glenn Mxwell,54,32,6,2,168.75,not_out,T20I # 1864
Australia Vs Afghanistan,Australia,7,Mtthew Wde(c),6,8,1,0,75.00,out,T20I # 1864
Australia Vs Afghanistan,Australia,8,Pt Cummins,0,2,0,0,0.00,out,T20I # 1864
Australia Vs Afghanistan,Australia,9,Kne Richrdson,1,1,0,0,100.00,out,T20I # 1864
Australia Vs Afghanistan,Australia,10,Adm Zmp,1,1,0,0,100.00,not_out,T20I # 1864
Australia Vs Afghanistan,Afghanistan,1,Rhmnullh Gurbz,30,17,2,2,176.47,out,T20I # 1864
Australia Vs Afghanistan,Afghanistan,2,Usmn Ghni,2,7,0,0,28.57,out,T20I # 1864
Australia Vs Afghanistan,Afghanistan,3,Ibrhim Zdrn,26,33,2,0,78.78,out,T20I # 1864
Australia Vs Afghanistan,Afghanistan,4,Gulbdin Nib,39,23,3,2,169.56,out,T20I # 1864
Australia Vs Afghanistan,Afghanistan,5,Mohmmd Nbi(c),1,2,0,0,50.00,out,T20I # 1864
Australia Vs Afghanistan,Afghanistan,6,Njibullh Zdrn,0,2,0,0,0.00,out,T20I # 1864
Australia Vs Afghanistan,Afghanistan,7,Drwish Rsooli,15,13,1,0,115.38,out,T20I # 1864
Australia Vs Afghanistan,Afghanistan,8,Rshid Khn,48,23,3,4,208.69,not_out,T20I # 1864
Australia Vs Afghanistan,Afghanistan,9,Nveen-ul-Hq,0,0,0,0,-,not_out,T20I # 1864
Sri Lanka Vs England,Sri Lanka,1,Pthum Nissnk,67,45,2,5,148.88,out,T20I # 1867
Sri Lanka Vs England,Sri Lanka,2,Kusl Mendis,18,14,1,1,128.57,out,T20I # 1867
Sri Lanka Vs England,Sri Lanka,3,Dhnnjy de Silv,9,11,0,0,81.81,out,T20I # 1867
Sri Lanka Vs England,Sri Lanka,4,Chrith Aslnk,8,9,0,0,88.88,out,T20I # 1867
Sri Lanka Vs England,Sri Lanka,5,Bhnuk Rjpks,22,22,3,0,100.00,out,T20I # 1867
Sri Lanka Vs England,Sri Lanka,6,Dsun Shnk(c),3,8,0,0,37.50,out,T20I # 1867
Sri Lanka Vs England,Sri Lanka,7,Wnindu Hsrng de Silv,9,9,1,0,100.00,out,T20I # 1867
Sri Lanka Vs England,Sri Lanka,8,Chmik Krunrtne,0,2,0,0,0.00,out,T20I # 1867
Sri Lanka Vs England,Sri Lanka,9,Mheesh Theekshn,0,0,0,0,-,not_out,T20I # 1867
Sri Lanka Vs England,England,1,Jos Buttler(c),28,23,2,1,121.73,out,T20I # 1867
Sri Lanka Vs England,England,2,Alex Hles,47,30,7,1,156.66,out,T20I # 1867
Sri Lanka Vs England,England,3,Ben Stokes,42,36,2,0,116.66,not_out,T20I # 1867
Sri Lanka Vs England,England,4,Hrry Brook,4,5,0,0,80.00,out,T20I # 1867
Sri Lanka Vs England,England,5,Lim Livingstone,4,6,0,0,66.66,out,T20I # 1867
Sri Lanka Vs England,England,6,Moeen Ali,1,5,0,0,20.00,out,T20I # 1867
Sri Lanka Vs England,England,7,Sm Currn,6,11,0,0,54.54,out,T20I # 1867
Sri Lanka Vs England,England,8,Chris Wokes,5,3,1,0,166.66,not_out,T20I # 1867
Netherlands Vs South Africa,Netherlands,1,Stephn Myburgh,37,30,7,0,123.33,out,T20I # 1871
Netherlands Vs South Africa,Netherlands,2,Mx O'Dowd,29,31,1,1,93.54,out,T20I # 1871
Netherlands Vs South Africa,Netherlands,3,Tom Cooper,35,19,2,2,184.21,out,T20I # 1871
Netherlands Vs South Africa,Netherlands,4,Colin Ackermnn,41,26,3,2,157.69,not_out,T20I # 1871
Netherlands Vs South Africa,Netherlands,5,Bs de Leede,1,7,0,0,14.28,out,T20I # 1871
Netherlands Vs South Africa,Netherlands,6,Scott Edwrds(c),12,7,2,0,171.42,not_out,T20I # 1871
Netherlands Vs South Africa,South Africa,1,Quinton de Kock,13,13,1,1,100.00,out,T20I # 1871
Netherlands Vs South Africa,South Africa,2,Temb Bvum(c),20,20,2,0,100.00,out,T20I # 1871
Netherlands Vs South Africa,South Africa,3,Rilee Rossouw,25,19,2,0,131.57,out,T20I # 1871
Netherlands Vs South Africa,South Africa,4,Aiden Mrkrm,17,13,2,0,130.76,out,T20I # 1871
Netherlands Vs South Africa,South Africa,5,Dvid Miller,17,17,1,0,100.00,out,T20I # 1871
Netherlands Vs South Africa,South Africa,6,Heinrich Klsen,21,18,0,1,116.66,out,T20I # 1871
Netherlands Vs South Africa,South Africa,7,Wyne Prnell,0,2,0,0,0.00,out,T20I # 1871
Netherlands Vs South Africa,South Africa,8,Keshv Mhrj,13,12,0,1,108.33,out,T20I # 1871
Netherlands Vs South Africa,South Africa,9,Kgiso Rbd,9,8,0,0,112.50,not_out,T20I # 1871
Netherlands Vs South Africa,South Africa,10,Anrich Nortje,4,1,1,0,400.00,not_out,T20I # 1871
Bangladesh Vs Pakistan,Bangladesh,1,Njmul Hossin Shnto,54,48,7,0,112.50,out,T20I # 1872
Bangladesh Vs Pakistan,Bangladesh,2,Litton Ds,10,8,0,1,125.00,out,T20I # 1872
Bangladesh Vs Pakistan,Bangladesh,3,Soumy Srkr,20,17,1,1,117.64,out,T20I # 1872
Bangladesh Vs Pakistan,Bangladesh,4,Shkib Al Hsn(c),0,1,0,0,0.00,out,T20I # 1872
Bangladesh Vs Pakistan,Bangladesh,5,Afif Hossin,24,20,3,0,120.00,not_out,T20I # 1872
Bangladesh Vs Pakistan,Bangladesh,6,Mosddek Hossin,5,11,0,0,45.45,out,T20I # 1872
Bangladesh Vs Pakistan,Bangladesh,7,Nurul Hsn,0,3,0,0,0.00,out,T20I # 1872
Bangladesh Vs Pakistan,Bangladesh,8,Tskin Ahmed,1,5,0,0,20.00,out,T20I # 1872
Bangladesh Vs Pakistan,Bangladesh,9,Nsum Ahmed,7,6,1,0,116.66,out,T20I # 1872
Bangladesh Vs Pakistan,Bangladesh,10,Mustfizur Rhmn,0,1,0,0,0.00,not_out,T20I # 1872
Bangladesh Vs Pakistan,Pakistan,1,Mohmmd Rizwn,32,32,2,1,100.00,out,T20I # 1872
Bangladesh Vs Pakistan,Pakistan,2,Bbr Azm(c),25,33,2,0,75.75,out,T20I # 1872
Bangladesh Vs Pakistan,Pakistan,3,Mohmmd Nwz,4,11,0,0,36.36,out,T20I # 1872
Bangladesh Vs Pakistan,Pakistan,4,Mohmmd Hris,31,18,1,2,172.22,out,T20I # 1872
Bangladesh Vs Pakistan,Pakistan,5,Shn Msood,24,14,2,0,171.42,not_out,T20I # 1872
Bangladesh Vs Pakistan,Pakistan,6,Iftikhr Ahmed,1,3,0,0,33.33,out,T20I # 1872
Bangladesh Vs Pakistan,Pakistan,7,Shdb Khn,0,0,0,0,-,not_out,T20I # 1872
India Vs Zimbabwe,India,1,KL Rhul,51,35,3,3,145.71,out,T20I # 1873
India Vs Zimbabwe,India,2,Rohit Shrm(c),15,13,2,0,115.38,out,T20I # 1873
India Vs Zimbabwe,India,3,Virt Kohli,26,25,2,0,104.00,out,T20I # 1873
India Vs Zimbabwe,India,4,Surykumr Ydv,61,25,6,4,244.00,not_out,T20I # 1873
India Vs Zimbabwe,India,5,Rishbh Pnt,3,5,0,0,60.00,out,T20I # 1873
India Vs Zimbabwe,India,6,Hrdik Pndy,18,18,2,0,100.00,out,T20I # 1873
India Vs Zimbabwe,India,7,Axr Ptel,0,0,0,0,-,not_out,T20I # 1873
India Vs Zimbabwe,Zimbabwe,1,Wessly Mdhevere,0,1,0,0,0.00,out,T20I # 1873
India Vs Zimbabwe,Zimbabwe,2,Crig Ervine(c),13,15,2,0,86.66,out,T20I # 1873
India Vs Zimbabwe,Zimbabwe,3,Regis Chkbv,0,6,0,0,0.00,out,T20I # 1873
India Vs Zimbabwe,Zimbabwe,4,Sen Willims,11,18,0,1,61.11,out,T20I # 1873
India Vs Zimbabwe,Zimbabwe,5,Sikndr Rz,34,24,3,0,141.66,out,T20I # 1873
India Vs Zimbabwe,Zimbabwe,6,Tony Munyong,5,4,1,0,125.00,out,T20I # 1873
India Vs Zimbabwe,Zimbabwe,7,Ryn Burl,35,22,5,1,159.09,out,T20I # 1873
India Vs Zimbabwe,Zimbabwe,8,Wellington Mskdz,1,7,0,0,14.28,out,T20I # 1873
India Vs Zimbabwe,Zimbabwe,9,Richrd Ngrv,1,2,0,0,50.00,out,T20I # 1873
India Vs Zimbabwe,Zimbabwe,10,Tendi Chtr,4,4,1,0,100.00,out,T20I # 1873
India Vs Zimbabwe,Zimbabwe,11,Blessing Muzrbni,0,2,0,0,0.00,not_out,T20I # 1873
New Zealand Vs Pakistan,New Zealand,1,Finn Allen,4,3,1,0,133.33,out,T20I # 1877
New Zealand Vs Pakistan,New Zealand,2,Devon Conwy,21,20,3,0,105.00,out,T20I # 1877
New Zealand Vs Pakistan,New Zealand,3,Kne Willimson(c),46,42,1,1,109.52,out,T20I # 1877
New Zealand Vs Pakistan,New Zealand,4,Glenn Phillips,6,8,1,0,75.00,out,T20I # 1877
New Zealand Vs Pakistan,New Zealand,5,Dryl Mitchell,53,35,3,1,151.42,not_out,T20I # 1877
New Zealand Vs Pakistan,New Zealand,6,Jmes Neeshm,16,12,1,0,133.33,not_out,T20I # 1877
New Zealand Vs Pakistan,Pakistan,1,Mohmmd Rizwn,57,43,5,0,132.55,out,T20I # 1877
New Zealand Vs Pakistan,Pakistan,2,Bbr Azm(c),53,42,7,0,126.19,out,T20I # 1877
New Zealand Vs Pakistan,Pakistan,3,Mohmmd Hris,30,26,2,1,115.38,out,T20I # 1877
New Zealand Vs Pakistan,Pakistan,4,Shn Msood,3,4,0,0,75.00,not_out,T20I # 1877
New Zealand Vs Pakistan,Pakistan,5,Iftikhr Ahmed,0,0,0,0,-,not_out,T20I # 1877
India Vs England,India,1,KL Rhul,5,5,1,0,100.00,out,T20I # 1878
India Vs England,India,2,Rohit Shrm(c),27,28,4,0,96.42,out,T20I # 1878
India Vs England,India,3,Virt Kohli,50,40,4,1,125.00,out,T20I # 1878
India Vs England,India,4,Surykumr Ydv,14,10,1,1,140.00,out,T20I # 1878
India Vs England,India,5,Hrdik Pndy,63,33,4,5,190.90,out,T20I # 1878
India Vs England,India,6,Rishbh Pnt,6,4,1,0,150.00,out,T20I # 1878
India Vs England,India,7,Rvichndrn Ashwin,0,0,0,0,-,not_out,T20I # 1878
India Vs England,England,1,Jos Buttler(c),80,49,9,3,163.26,not_out,T20I # 1878
India Vs England,England,2,Alex Hles,86,47,4,7,182.97,not_out,T20I # 1878
Pakistan Vs England,Pakistan,1,Mohmmd Rizwn,15,14,0,1,107.14,out,T20I # 1879
Pakistan Vs England,Pakistan,2,Bbr Azm(c),32,28,2,0,114.28,out,T20I # 1879
Pakistan Vs England,Pakistan,3,Mohmmd Hris,8,12,1,0,66.66,out,T20I # 1879
Pakistan Vs England,Pakistan,4,Shn Msood,38,28,2,1,135.71,out,T20I # 1879
Pakistan Vs England,Pakistan,5,Iftikhr Ahmed,0,6,0,0,0.00,out,T20I # 1879
Pakistan Vs England,Pakistan,6,Shdb Khn,20,14,2,0,142.85,out,T20I # 1879
Pakistan Vs England,Pakistan,7,Mohmmd Nwz,5,7,0,0,71.42,out,T20I # 1879
Pakistan Vs England,Pakistan,8,Mohmmd Wsim,4,8,0,0,50.00,out,T20I # 1879
Pakistan Vs England,Pakistan,9,Shheen Shh Afridi,5,3,1,0,166.66,not_out,T20I # 1879
Pakistan Vs England,Pakistan,10,Hris Ruf,1,1,0,0,100.00,not_out,T20I # 1879
Pakistan Vs England,England,1,Jos Buttler(c),26,17,3,1,152.94,out,T20I # 1879
Pakistan Vs England,England,2,Alex Hles,1,2,0,0,50.00,out,T20I # 1879
Pakistan Vs England,England,3,Phil Slt,10,9,2,0,111.11,out,T20I # 1879
Pakistan Vs England,England,4,Ben Stokes,52,49,5,1,106.12,not_out,T20I # 1879
Pakistan Vs England,England,5,Hrry Brook,20,23,1,0,86.95,out,T20I # 1879
Pakistan Vs England,England,6,Moeen Ali,19,13,3,0,146.15,out,T20I # 1879
Pakistan Vs England,England,7,Lim Livingstone,1,1,0,0,100.00,not_out,T20I # 1879
